Language,BLEU_Mean,BLEU_Var,METEOR_Mean,METEOR_Var,Cosine_Mean,Cosine_Var,LLM_Judge_Mean,LLM_Judge_Var
en,0.10977355278603752,0.028867187825072773,0.41266008876088534,0.09048884300316491,0.6045098,0.07609951,3.94,2.6563999999999997
el,0.019602607764251875,0.0014490947150330102,0.21838825711967705,0.04853266953725717,0.4352786,0.033090327,3.955,2.7429749999999995
ar,0.029750954107550253,0.0075048410307254725,0.24594986183618023,0.054103485354511996,0.47198564,0.037555274,3.99,2.6199
zh,0.01314670614005663,0.003197079216684704,0.04985531737871961,0.021565832016315675,0.49565828,0.038866576,4.02,2.3095999999999997
ru,0.036240978310020065,0.005128842558539081,0.2668822322230258,0.06967023115394062,0.4688536,0.03410483,4.15,2.1575
th,0.030719635346680523,0.003423897334954603,0.18913753357549745,0.062069068537061615,0.50671,0.033145152,4.1,2.380000000000001
tr,0.017461046876686405,0.0012773653736306246,0.18911085230855648,0.040928598769906496,0.42410812,0.03219714,3.605,3.178975
