Language,BLEU_Mean,BLEU_Var,METEOR_Mean,METEOR_Var,Cosine_Mean,Cosine_Var,LLM_Judge_Mean,LLM_Judge_Var
en,0.08719728790341912,0.02065502001829121,0.37766377964663156,0.0965030546707338,0.56236476,0.08080228,3.875,2.779375
el,0.023995687580581383,0.0022277627316178005,0.24110581407772577,0.05345110945483571,0.4345455,0.03133786,3.885,2.891775
ar,0.02913569048480051,0.006626519414425833,0.23137954329099805,0.055413860440770984,0.46175262,0.037299722,3.715,3.0537750000000004
zh,0.012911326673501367,0.002067385984794544,0.04719394646853454,0.019739635884839467,0.49956217,0.042228956,3.965,2.5137750000000008
ru,0.0325421010639586,0.003553322387710689,0.2622715976635999,0.060949886780429195,0.47385377,0.034174245,3.925,2.559375
th,0.03081491340839503,0.0037634368100550293,0.19163132162919352,0.061883360227593706,0.49349388,0.026687644,4.13,2.3531000000000004
tr,0.016310513505460825,0.001040315036426999,0.17845809468586096,0.04157337432937289,0.42275375,0.03386291,3.515,3.3397749999999995
