Language,BLEU_Mean,BLEU_Var,METEOR_Mean,METEOR_Var,Cosine_Mean,Cosine_Var,LLM_Judge_Mean,LLM_Judge_Var
en,0.23104717708892436,0.04847030408396085,0.6548347465219703,0.06384924820942255,0.84341186,0.047121115,4.94,0.07640000000000001
el,0.04512915794097414,0.004959666321184129,0.3700719403672357,0.0651660586235988,0.5069747,0.033636685,4.73,0.8971000000000003
ar,0.05435425545613635,0.011870263698489328,0.36268568826020414,0.07612159036041725,0.537392,0.03762889,4.675,1.039375
zh,0.05248523423089482,0.021513768943790455,0.13207115680056095,0.0629845980424682,0.5541399,0.04702168,4.685,0.8457750000000002
ru,0.07943477016542988,0.02529179213260808,0.38907582975137545,0.08973577700946078,0.5576043,0.042223778,4.78,0.6816
th,0.06785562876035542,0.01286463552457386,0.2808055873715441,0.0768984841835151,0.57647413,0.034723822,4.74,0.8024000000000001
tr,0.04009047226157732,0.004817406898751665,0.32638713333491604,0.0641689291062491,0.49617523,0.026775999,4.605,1.288975
