Language,Accuracy
ar,0.2
el,0.6666666666666666
fr,0.34782608695652173
ru,0.391304347826087
en,0.5
th,0.25
