Language,Accuracy
bg,0.3111111111111111
el,0.3870967741935484
en,0.3170731707317073
es,0.3522727272727273
fr,0.2872340425531915
th,0.34408602150537637
