Language,Accuracy
bg,0.32989690721649484
el,0.3037974683544304
en,0.3979591836734694
es,0.375
fr,0.4166666666666667
th,0.28735632183908044
