Language,Accuracy
ar,0.35877862595419846
el,0.325
fr,0.3356643356643357
ru,0.391304347826087
en,0.3602693602693603
th,0.339041095890411
